Email Address,First Name,Last Name,Board Member,Gender,Chapter,Reunion Year,Country,Degree,MEMBER_RATING,OPTIN_TIME,OPTIN_IP,CONFIRM_TIME,CONFIRM_IP,LATITUDE,LONGITUDE,GMTOFF,DSTOFF,TIMEZONE,CC,REGION,CLEAN_TIME,CLEAN_CAMPAIGN_TITLE,CLEAN_CAMPAIGN_ID,LEID,EUID,NOTES,TAGS
slakoth.normal6516@gmail.com,Slakoth,Normal,False,M,Texas,,Kuwait,,,,,,,,,,,,,,,,,,,,
e.rock7358@gmail.com,Espeon,Rock,True,,New England,,United States,,,,,,,,,,,,,,,,,,,,
rhydonghost7966@alumni.stanford.edu,Rhydon,Ghost,True,,Bay Area,,USA,MBA,,,,,,,,,,,,,,,,,,,
porygongrass8812@gmail.com,Porygon,Grass,True,F,Bay Area,,Japan,MS,,,,,,,,,,,,,,,,,,,
tangelagrass6958@stanfordalumni.org,Tangela,Grass,False,F,Bay Area,,United States,,,,,,,,,,,,,,,,,,,,
celectric2503@gmail.com,Chansey,Fairy,True,,Other US,,USA,,,,,,,,,,,,,,,,,,,,
blisseyg9366@gmail.com,Blissey,Ghost,True,,New England,,Kingdom of Saudi Arabia,,,,,,,,,,,,,,,,,,,,
